k,overall_pass_rate,total_problems,passed_problems,gemma-3n-e2b-it_all_pass_rate,gemma-3n-e2b-it_base_pass_rate,gemma-3n-e2b-it_full_tool_pass_rate,gemma-3n-e2b-it_tool_submission_pass_rate,deepseek-r1-distill-qwen-1.5b_all_pass_rate,deepseek-r1-distill-qwen-1.5b_base_pass_rate,llama-3.2-3b-instruct_all_pass_rate,llama-3.2-3b-instruct_base_pass_rate,llama-3.2-3b-instruct_full_tool_pass_rate,llama-3.2-3b-instruct_tool_submission_pass_rate,qwen-3-0.6b_all_pass_rate,qwen-3-0.6b_base_pass_rate,qwen-3-0.6b_full_tool_pass_rate,qwen-3-0.6b_tool_submission_pass_rate,qwen-3-4b_all_pass_rate,qwen-3-4b_base_pass_rate,qwen-3-4b_full_tool_pass_rate,qwen-3-4b_tool_submission_pass_rate
1,0.4776722570216205,4949,2364,0.580896686159844,0.5692007797270955,0.48048780487804876,0.530214424951267,0.4266666666666667,0.3333333333333333,0.5233333333333333,0.48,0.3466666666666667,0.4866666666666667,0.38666666666666666,0.29333333333333333,0.39285714285714285,0.24666666666666667,0.625,0.35625,0.7307692307692307,0.5
3,0.5645584966659931,4949,2794,0.6413255360623782,0.631578947368421,0.5365853658536586,0.6257309941520468,0.5266666666666666,0.43666666666666665,0.5933333333333334,0.57,0.5133333333333333,0.5866666666666667,0.44,0.38666666666666666,0.4928571428571429,0.34,0.675,0.5,0.7846153846153846,0.6125
5,0.5908264295817337,4949,2924,0.6491228070175439,0.6491228070175439,0.5682926829268292,0.6374269005847953,0.55,0.5033333333333333,0.6033333333333334,0.59,0.56,0.6133333333333333,0.47333333333333333,0.43333333333333335,0.5357142857142857,0.38666666666666666,0.6875,0.50625,0.823076923076923,0.65625
10,0.620933521923621,4949,3073,0.6588693957115009,0.672514619883041,0.5951219512195122,0.6686159844054581,0.57,0.57,0.62,0.63,0.6,0.6566666666666666,0.47333333333333333,0.44666666666666666,0.5928571428571429,0.4533333333333333,0.70625,0.55625,0.8461538461538461,0.675
